card_id,color,shape,count
card_001,red,star,1
card_002,red,diamond,2
card_003,red,heart,3
card_004,red,spiral,4
card_005,red,circle,5
card_006,red,sun,6
card_007,orange,star,2
card_008,orange,diamond,3
card_009,orange,heart,4
card_010,orange,spiral,5
card_011,orange,circle,6
card_012,orange,sun,1
card_013,yellow,star,3
card_014,yellow,diamond,4
card_015,yellow,heart,5
card_016,yellow,spiral,6
card_017,yellow,circle,1
card_018,yellow,sun,2
card_019,green,star,4
card_020,green,diamond,5
card_021,green,heart,6
card_022,green,spiral,1
card_023,green,circle,2
card_024,green,sun,3
card_025,blue,star,5
card_026,blue,diamond,6
card_027,blue,heart,1
card_028,blue,spiral,2
card_029,blue,circle,3
card_030,blue,sun,4
card_031,purple,star,6
card_032,purple,diamond,1
card_033,purple,heart,2
card_034,purple,spiral,3
card_035,purple,circle,4
card_036,purple,sun,5
card_037,red,diamond,3
card_038,red,heart,4
card_039,red,spiral,5
card_040,red,circle,6
card_041,orange,star,3
card_042,orange,heart,5
card_043,orange,spiral,6
card_044,orange,circle,1
card_045,orange,sun,2
card_046,yellow,star,4
card_047,yellow,diamond,5
card_048,yellow,heart,6
card_049,yellow,circle,2
card_050,green,heart,1
card_051,green,spiral,2
card_052,green,circle,3
card_053,green,sun,4
card_054,blue,star,6
card_055,blue,diamond,1
card_056,blue,spiral,3
card_057,blue,circle,4
card_058,blue,sun,5
card_059,purple,star,1
card_060,purple,diamond,2
card_061,purple,heart,3
card_062,purple,sun,6
